01;011;0000;BOURG EN BRESSE;011;016
01;021;0000;CPAM de l Aisne;021;011
01;022;0000;ST QUENTIN;022;011
01;031;0000;MOULINS;031;016
01;041;0000;DIGNE;041;021
01;051;0000;GAP;051;021
01;061;0000;NICE;061;021
01;071;0000;ANNONAY;071;016
01;072;0000;CPAM de l Ardeche;072;016
01;081;0000;CHARLEVILLE MEZIERES;081;013
01;091;0000;FOIX;091;002
01;101;0000;TROYES;101;013
01;111;0000;CARCASSONNE;111;002
01;121;0000;RODEZ;121;002
01;131;0000;MARSEILLE;131;021
01;141;0000;CAEN;141;001
01;151;0000;AURILLAC;151;016
01;161;0000;ANGOULEME;161;008
01;171;0000;LA ROCHELLE;171;008
01;181;0000;BOURGES;181;008
01;191;0000;TULLE;191;008
01;201;0000;AJACCIO;201;021
01;202;0000;BASTIA;202;021
01;211;0000;DIJON;211;010
01;221;0000;ST BRIEUC;221;018
01;231;0000;GUERET;231;008
01;241;0000;PERIGUEUX;241;005
01;251;0000;CPAM du Doubs;251;010
01;252;0000;MONTBELIARD;252;010
01;261;0000;VALENCE;261;016
01;271;0000;EVREUX;271;001
01;281;0000;CHARTRES;281;008
01;291;0000;CPAM du Finistere;291;018
01;292;0000;QUIMPER;292;018
01;301;0000;NIMES;301;002
01;311;0000;TOULOUSE;311;002
01;321;0000;AUCH;321;002
01;331;0000;BORDEAUX;331;005
01;341;0000;BEZIERS;341;002
01;342;0000;CPAM de l Herault;342;002
01;351;0000;RENNES;351;018
01;361;0000;CHATEAUROUX;361;008
01;371;0000;TOURS;371;008
01;381;0000;CPAM de l Isere;381;025
01;382;0000;VIENNE;382;016
01;391;0000;LONS LE SAUNIER;391;010
01;401;0000;MONT DE MARSAN;401;005
01;411;0000;BLOIS;411;008
01;421;0000;ROANNE;421;016
01;422;0000;CPAM de la Loire;422;016
01;431;0000;LE PUY;431;016
01;441;0000;CPAM de Loire-Atlantique;441;023
01;442;0000;ST NAZAIRE;442;023
01;451;0000;ORLEANS;451;008
01;461;0000;CAHORS;461;002
01;471;0000;AGEN;471;005
01;481;0000;MENDE;481;002
01;491;0000;CPAM de Maine et Loire;491;023
01;492;0000;CHOLET;492;023
01;501;0000;ST LO;501;001
01;511;0000;REIMS;511;013
01;521;0000;CHAUMONT;521;013
01;531;0000;LAVAL;531;023
01;541;0000;LONGWY;541;013
01;542;0000;CPAM de Meurthe et Moselle;542;013
01;551;0000;BAR LE DUC;551;013
01;561;0000;VANNES;561;018
01;571;0000;CPAM de Moselle;571;017
01;572;0000;SARREGUEMINES;572;017
01;573;0000;THIONVILLE;573;017
01;581;0000;NEVERS;581;010
01;591;0000;ARMENTIERES;591;011
01;592;0000;CAMBRAI;592;011
01;593;0000;DOUAI;593;011
01;594;0000;CPAM des Flandres-Dunkerque-Armentieres;594;011
01;595;0000;CPAM de Lille-Douai;595;011
01;596;0000;MAUBEUGE;596;011
01;597;0000;CPAM de Roubaix-Tourcoing;597;011
01;598;0000;TOURCOING;598;011
01;599;0000;CPAM du Hainaut;599;011
01;601;0000;CPAM de l Oise;601;011
01;602;0000;CREIL;602;011
01;611;0000;ALENCON;611;001
01;621;0000;ARRAS;621;011
01;622;0000;BOULOGNE SUR MER;622;011
01;623;0000;CPAM de la Cote d Opale;623;011
01;624;0000;CPAM de l Artois;624;011
01;631;0000;CLERMONT FERRAND;631;016
01;641;0000;BAYONNE;641;005
01;642;0000;PAU;642;005
01;651;0000;TARBES;651;002
01;661;0000;PERPIGNAN;661;002
01;671;0000;HAGUENAU;671;017
01;672;0000;SELESTAT;672;017
01;673;0000;CPAM du Bas-Rhin;673;017
01;681;0000;COLMAR;681;017
01;682;0000;CPAM du Haut-Rhin;682;017
01;691;0000;CPAM du Rhone;691;025
01;692;0000;VILLEFRANCHE SUR SAONE;692;016
01;701;0000;VESOUL;701;010
01;711;0000;MACON;711;010
01;721;0000;LE MANS;721;023
01;731;0000;CHAMBERY;731;025
01;741;0000;ANNECY;741;016
01;751;0000;PARIS;751;036
01;761;0000;DIEPPE;761;001
01;762;0000;ELBEUF;762;001
01;763;0000;LE HAVRE;763;001
01;764;0000;CPAM de Rouen-Elbeuf-Dieppe-Seine-Maritime;764;001
01;771;0000;MELUN RUBELLES;771;004
01;781;0000;VERSAILLES;781;036
01;791;0000;NIORT;791;008
01;801;0000;AMIENS;801;011
01;811;0000;ALBI;811;002
01;821;0000;MONTAUBAN;821;002
01;831;0000;TOULON;831;021
01;841;0000;AVIGNON;841;021
01;851;0000;LA ROCHE SUR YON;851;023
01;861;0000;POITIERS;861;008
01;871;0000;LIMOGES;871;008
01;881;0000;EPINAL;881;013
01;891;0000;AUXERRE;891;010
01;901;0000;BELFORT;901;010
01;911;0000;EVRY;911;004
01;921;0000;NANTERRE;921;036
01;931;0000;BOBIGNY;931;004
01;941;0000;CRETEIL;941;004
01;951;0000;CERGY PONTOISE;951;036
01;971;0000;POINTE A PITRE;971;026
01;972;0000;FORT DE FRANCE;972;026
01;973;0000;CAYENNE;973;026
01;974;0000;SAINT DENIS;974;027
01;999;0000;Caisse de TEST;999;999
02;011;0000;BOURG EN BRESSE;011;011
02;015;0000;BOURG EN BRESSE;011;011
02;021;0000;LAON;021;591
02;025;0000;LAON;021;591
02;022;0000;LAON;022;591
02;031;0000;MOULINS;031;031
02;035;0000;MOULINS;031;031
02;032;0000;MOULINS;032;752
02;051;0000;GAP;051;301
02;055;0000;GAP;051;301
02;061;0000;NICE;061;381
02;065;0000;NICE;061;381
02;071;0000;PRIVAS;071;381
02;075;0000;PRIVAS;071;381
02;081;0000;CHARLEVILLE;081;541
02;085;0000;CHARLEVILLE;081;541
02;091;0000;FOIX;091;821
02;095;0000;FOIX;091;821
02;101;0000;TROYES;101;541
02;105;0000;TROYES;101;541
02;102;0000;TROYES;102;541
02;111;0000;CARCASSONNE;111;821
02;115;0000;CARCASSONNE;111;821
02;121;0000;RODEZ;121;821
02;125;0000;RODEZ;121;821
02;122;0000;RODEZ;122;821
02;131;0000;MARSEILLE;131;131
02;135;0000;MARSEILLE;131;131
02;141;0000;CAEN;141;351
02;145;0000;CAEN;141;351
02;142;0000;CAEN;142;351
02;151;0000;AURILLAC;151;381
02;155;0000;AURILLAC;151;381
02;161;0000;ANGOULEME;161;821
02;165;0000;ANGOULEME;161;821
02;162;0000;ANGOULEME;162;752
02;171;0000;SAINTES;171;171
02;175;0000;SAINTES;171;171
02;172;0000;LA ROCHELLE;172;752
02;181;0000;BOURGES;181;591
02;185;0000;BOURGES;181;591
02;182;0000;BOURGES;182;591
02;191;0000;TULLE;191;821
02;195;0000;TULLE;191;821
02;201;0000;AJACCIO;201;381
02;205;0000;AJACCIO;201;381
02;211;0000;DIJON;211;541
02;215;0000;DIJON;211;541
02;212;0000;DIJON;212;541
02;221;0000;SAINT BRIEUC;221;351
02;225;0000;SAINT BRIEUC;221;351
02;222;0000;SAINT BRIEUC;222;351
02;231;0000;GUERET;231;821
02;235;0000;GUERET;231;821
02;232;0000;GUERET;232;821
02;241;0000;PERIGUEUX;241;821
02;245;0000;PERIGUEUX;241;821
02;242;0000;PERIGUEUX;242;821
02;251;0000;BESANCON;251;541
02;255;0000;BESANCON;251;541
02;252;0000;BESANCON;252;541
02;261;0000;VALENCE;261;381
02;265;0000;VALENCE;261;381
02;271;0000;EVREUX;271;591
02;275;0000;EVREUX;271;591
02;272;0000;EVREUX;272;591
02;281;0000;CHARTRES;281;411
02;285;0000;CHARTRES;281;411
02;282;0000;CHARTRES;282;752
02;291;0000;LANDERNEAU;291;351
02;295;0000;LANDERNEAU;291;351
02;292;0000;BREST;292;351
02;301;0000;NIMES;301;301
02;305;0000;NIMES;301;301
02;311;0000;TOULOUSE;311;821
02;315;0000;TOULOUSE;311;821
02;312;0000;TOULOUSE;312;821
02;321;0000;AUCH;321;321
02;325;0000;AUCH;321;321
02;322;0000;AUCH;322;321
02;331;0000;BORDEAUX;331;331
02;335;0000;BORDEAUX;331;331
02;332;0000;BORDEAUX;332;331
02;341;0000;MONTPELLIER;341;341
02;345;0000;MONTPELLIER;341;341
02;342;0000;MONTPELLIER;342;341
02;351;0000;RENNES;351;351
02;355;0000;RENNES;351;351
02;352;0000;RENNES;352;351
02;361;0000;CHATEAUROUX;361;591
02;365;0000;CHATEAUROUX;361;591
02;362;0000;CHATEAUROUX;362;591
02;371;0000;TOURS;371;411
02;375;0000;TOURS;371;411
02;372;0000;TOURS;372;411
02;381;0000;GRENOBLE;381;381
02;385;0000;GRENOBLE;381;381
02;382;0000;GRENOBLE;382;381
02;391;0000;LONS LE SAUNIER;391;541
02;395;0000;LONS LE SAUNIER;391;541
02;401;0000;MONT DE MARSAN;401;641
02;405;0000;MONT DE MARSAN;401;641
02;411;0000;BLOIS;411;411
02;415;0000;BLOIS;411;411
02;412;0000;BLOIS;412;411
02;421;0000;SAINT PRIEST EN JAREZ;421;381
02;425;0000;SAINT PRIEST EN JAREZ;421;381
02;431;0000;LE PUY;431;381
02;435;0000;LE PUY;431;381
02;441;0000;NANTES;441;441
02;445;0000;NANTES;441;441
02;442;0000;NANTES;442;441
02;451;0000;ORLEANS;451;411
02;455;0000;ORLEANS;451;411
02;452;0000;ORLEANS;452;411
02;461;0000;CAHORS;461;821
02;465;0000;CAHORS;461;821
02;471;0000;AGEN;471;821
02;475;0000;AGEN;471;821
02;472;0000;AGEN;472;821
02;481;0000;MENDE;481;301
02;485;0000;MENDE;481;301
02;491;0000;ANGERS;491;351
02;495;0000;ANGERS;491;351
02;492;0000;ANGERS;492;351
02;501;0000;SAINT LO;501;351
02;505;0000;SAINT LO;501;351
02;502;0000;SAINT LO;502;752
02;511;0000;REIMS;511;541
02;515;0000;REIMS;511;541
02;512;0000;CHALONS SUR MARNE;512;541
02;521;0000;CHAUMONT;521;541
02;525;0000;CHAUMONT;521;541
02;531;0000;LAVAL;531;351
02;535;0000;LAVAL;531;351
02;532;0000;LAVAL;532;351
02;541;0000;VANDOEUVRE LES NANCY;541;541
02;545;0000;VANDOEUVRE LES NANCY;541;541
02;542;0000;NANCY;542;541
02;551;0000;VERDUN;551;541
02;555;0000;VERDUN;551;541
02;561;0000;VANNES;561;351
02;565;0000;VANNES;561;351
02;562;0000;LORIENT;562;351
02;571;0000;METZ;571;541
02;575;0000;METZ;571;541
02;581;0000;NEVERS;581;541
02;585;0000;NEVERS;581;541
02;582;0000;NEVERS;582;541
02;591;0000;LILLE;591;591
02;595;0000;LILLE;591;591
02;592;0000;LILLE;592;591
02;601;0000;BEAUVAIS;601;591
02;605;0000;BEAUVAIS;601;591
02;611;0000;ALENCON;611;351
02;615;0000;ALENCON;611;351
02;612;0000;ALENCON;612;351
02;621;0000;ARRAS;621;591
02;625;0000;ARRAS;621;591
02;622;0000;ARRAS;622;591
02;631;0000;CLERMONT FERRAND;631;381
02;635;0000;CLERMONT FERRAND;631;381
02;632;0000;CLERMONT-FERRAND;632;381
02;641;0000;PAU;641;641
02;645;0000;PAU;641;641
02;642;0000;PAU;642;641
02;651;0000;TARBES;651;641
02;655;0000;TARBES;651;641
02;652;0000;TARBES;652;641
02;661;0000;PERPIGNAN;661;341
02;665;0000;PERPIGNAN;661;341
02;662;0000;PERPIGNAN;662;821
02;671;0000;STRASBOURG;671;541
02;675;0000;STRASBOURG;671;541
02;672;0000;STRASBOURG;672;541
02;681;0000;COLMAR;681;541
02;685;0000;COLMAR;681;541
02;691;0000;LYON;691;381
02;695;0000;LYON;691;381
02;692;0000;LYON;692;381
02;701;0000;VESOUL;701;541
02;705;0000;VESOUL;701;541
02;711;0000;MACON;711;381
02;715;0000;MACON;711;381
02;712;0000;MACON;712;381
02;721;0000;LE MANS;721;351
02;725;0000;LE MANS;721;351
02;722;0000;LE MANS;722;351
02;731;0000;CHAMBERY;731;381
02;735;0000;CHAMBERY;731;381
02;741;0000;ANNECY;741;381
02;745;0000;ANNECY;741;381
02;751;0000;PARIS;751;591
02;755;0000;PARIS;751;591
02;761;0000;BOIS GUILLAUME;761;591
02;765;0000;BOIS GUILLAUME;761;591
02;762;0000;ROUEN;762;591
02;791;0000;NIORT;791;791
02;795;0000;NIORT;791;791
02;792;0000;NIORT;792;752
02;801;0000;AMIENS;801;591
02;805;0000;AMIENS;801;591
02;802;0000;AMIENS;802;591
02;811;0000;ALBI;811;821
02;815;0000;ALBI;811;821
02;812;0000;ALBI;812;821
02;821;0000;MONTAUBAN;821;821
02;825;0000;MONTAUBAN;821;821
02;822;0000;MONTAUBAN;822;821
02;831;0000;DRAGUIGNAN;831;381
02;835;0000;DRAGUIGNAN;831;381
02;832;0000;TOULON;832;752
02;841;0000;AVIGNON;841;341
02;845;0000;AVIGNON;841;341
02;842;0000;AVIGNON;842;752
02;851;0000;LA ROCHE SUR YON;851;851
02;855;0000;LA ROCHE SUR YON;851;851
02;852;0000;LA ROCHE SUR YON;852;851
02;861;0000;POITIERS;861;871
02;865;0000;POITIERS;861;871
02;862;0000;POITIERS;862;752
02;871;0000;LIMOGES;871;821
02;875;0000;LIMOGES;871;821
02;872;0000;LIMOGES;872;821
02;881;0000;EPINAL;881;541
02;885;0000;EPINAL;881;541
02;891;0000;AUXERRE;891;541
02;895;0000;AUXERRE;891;541
02;892;0000;AUXERRE;892;541
02;971;0000;POINTE A PITRE;971;591
02;992;0000;AJACCIO;992;381
02;752;0000;LANDERNEAU D.O.M;752;351
02;962;0000;LANDERNEAU;962;351
02;982;0000;AURILLAC;982;351
03;001;1100;R.A.M. (ALPES);001;002
03;001;1200;R.A.M. (ALPES);001;002
03;001;4200;ADREA MUTUELLE PROFESSIONS INDEPENDANTES;003;002
03;001;5200;HARMONIE MUTUELLE;004;002
03;001;5400;EOVI MUTUELLE;005;002
03;003;1100;R.A.M. (ALSACE);006;001
03;003;1200;R.A.M. (ALSACE);006;001
03;003;1400;RAM (ALSACE);006;001
03;003;3100;AGIR-MUTUELLES ALSACE;009;001
03;003;3200;GROUPE MUTUALISTE DE L  EST;010;001
03;005;1100;R.A.M. (AQUITAINE);011;002
03;005;1200;R.A.M.  (AQUITAINE);011;002
03;005;1300;R.A.M (AQUITAINE);011;002
03;005;4100;Mutuelle de France PLUS;014;002
03;005;5100;UNION MTNS SUD-OUEST;015;002
03;005;5200;OCIANE;016;002
03;005;5300;MUTUELLE des LANDES (AQUITAINE);017;002
03;005;5400;MUTUELLE PREVIFRANCE;018;002
03;005;5500;UNION MTNS SUD-OUEST;019;002
03;007;1100;R.A.M. (AUVERGNE);020;002
03;007;1200;R.A.M. (AUVERGNE);020;002
03;007;3200;MUTUELLE PRECOCIA (AUVERGNE);023;002
03;007;5100;HARMONIE MUTUALITE;024;002
03;007;5200;ADREA MUTUELLE PROFESSIONS INDEPENDANTES;025;002
03;007;5300;MUTUELLE VIASANTE;026;002
03;007;5400;UTIM CENTRE;027;002
03;009;1100;R.A.M. (BOURGOGNE);028;001
03;009;3100;UNION RMPI;029;001
03;009;5200;HARMONIE MUTUELLE;031;001
03;009;5300;M.U.T.I.S. RADIANCE (BOURGOGNE);032;001
03;009;5400;M.C.I.P.L.S. MUTUELLE ACTION (BOURGOGNE);033;001
03;009;5500;UTIM CENTRE;034;001
03;009;5600;ADREA MUTUELLE PROFESSIONS INDEPENDANTES;035;001
03;011;1100;R.A.M. (de BRETAGNE);036;001
03;011;1200;R.A.M. (BRETAGNE);036;001
03;011;1300;R.A.M (BRETAGNE);036;001
03;011;5100;PREVADIES;039;001
03;011;5200;PREVADIES;040;001
03;011;5300;UNION RMPI;041;001
03;011;5400;SMPIV - RADIANCE (BRETAGNE);042;001
03;013;1100;R.A.M. (CENTRE);043;001
03;013;5100;HARMONIE MUTUALITE;046;001
03;013;5200;HARMONIE MUTUALITE;047;001
03;013;5500;UTIM CENTRE;049;001
03;013;5800;C.P.S.A.C. de L INDRE (CENTRE);050;001
03;015;1100;R.A.M. (CHAMPAGNE ARDENNE);051;001
03;015;1200;R.A.M. (CHAMPAGNE ARDENNE);051;001
03;015;5500;MUTUELLE SANTE DES INDEPENDANTS (CHAMPAGNE ARDENNE);055;001
03;017;1100;R.A.M. (de la COTE AZUR);057;002
03;017;1200;R.A.M. (COTE D AZUR);057;002
03;017;1300;R.A.M (COTE D AZUR);057;002
03;017;5100;MUTUELLE SANTE (COTE D AZUR);060;002
03;017;5200;MUTUELLES DU SOLEIL;061;002
03;019;1100;R.A.M. (FRANCHE COMTE);062;001
03;019;3200;GROUPE MUTUALISTE DE L EST;063;001
03;019;5100;MUTUELLE JURASSIENNE (FRANCHE COMTE);064;001
03;019;5200;HARMONIE MUTUELLE;065;001
03;021;1100;R.A.M. (LANGUEDOC ROUSSILLON);066;002
03;021;1200;R.A.M. (LANGUEDOC ROUSSILLON);066;002
03;021;3100;MUTUELLES DU SOLEIL;069;002
03;021;3200;MUTUELLE PREVIFRANCE;070;002
03;021;4100;HARMONIE MUTUELLE;071;002
03;021;5100;MUTUELLE VIASANTE;072;002
03;021;5400;ADREA MUTUELLE PROFESSIONS INDEPENDANTES;074;002
03;021;5500;UTIM LR-MP;075;002
03;023;1100;R.A.M (DU LIMOUSIN);076;002
03;023;1200;R.A.M. (LIMOUSIN);076;002
03;023;1300;R.A.M (LIMOUSIN);076;002
03;023;5100;MUTUELLE PREVIFRANCE;079;002
03;023;5200;HARMONIE MUTUELLE;080;002
03;025;1100;R.A.M. (LORRAINE);081;001
03;025;1200;R.A.M. (LORRAINE);081;001
03;025;3100;AGIR;083;001
03;025;5100;AGIR-MUTUELLES LORRAINE;084;001
03;025;5200;S.M.A.C.I. des VOSGES (LORRAINE);085;001
03;025;5400;MUTUELLE BLEUE;086;001
03;027;1100;R.A.M. (MIDI PYRENEES);087;002
03;027;1200;R.A.M. (MIDI PYRENEES);087;002
03;027;1300;R.A.M (MIDI PYRENEES);087;002
03;027;2100;MUTUELLE BLEUE (MIDI PYRENEES);091;002
03;027;4100;Mutuelle de France PLUS;092;002
03;027;4200;HARMONIE MUTUELLE;093;002
03;027;4300;MUTUELLE PREVIFRANCE;094;002
03;027;4400;OCIANE;095;002
03;027;5100;UTIM LR-MP;096;002
03;027;5200;MUTUALITE SANTEVIE - UMT (MIDI PYRENEES);097;002
03;027;5400;MUTUALITE SANTEVIE - MTG (MIDI PYRENEES);098;002
03;029;1100;R.A.M. (BASSE NORMANDIE);099;001
03;029;1200;R.A.M. (BASSE NORMANDIE);099;001
03;029;1300;R.A.M (BASSE NORMANDIE);099;001
03;029;3100;UNION RMPI;102;001
03;029;3400;ADREA MUTUELLE PROFESSIONS INDEPENDANTES;103;001
03;031;1100;R.A.M. (de HAUTE NORMANDIE);105;001
03;031;1200;R.A.M. (HAUTE NORMANDIE);105;001
03;031;1300;R.A.M (HAUTE NORMANDIE);105;001
03;031;3100;HARMONIE MUTUELLE;108;001
03;033;1100;R.A.M. (NORD);109;001
03;033;1200;R.A.M. (NORD);109;001
03;033;3200;C.M.P.A.C.N. RADIANCE (NORD);112;001
03;035;1100;R.A.M. (PAS DE CALAIS);114;001
03;035;3100;CMP RADIANCE;115;001
03;037;1100;R.A.M. (PAYS DE LA LOIRE);116;001
03;037;1200;R.A.M. (PAYS DE LA LOIRE);116;001
03;037;1300;R.A.M (PAYS DE LA LOIRE);116;001
03;037;5100;HARMONIE MUTUALITE;119;001
03;037;5200;HARMONIE MUTUALITE;120;001
03;037;5300;HARMONIE MUTUELLE;121;001
03;037;5400;PREVADIES;122;001
03;037;5500;HARMONIE MUTUALITE;123;001
03;039;1100;R.A.M. (PICARDIE);124;001
03;039;1300;R.A.M (PICARDIE);124;001
03;039;3100;UNION RMPI;126;001
03;039;3200;S.I.M.S.A. MUTUELLE ACTION (PICARDIE);127;001
03;041;1100;R.A.M (DU POITOU ET DES CHARENTES);128;002
03;041;1200;R.A.M. (POITOU CHARENTES);128;002
03;041;1300;R.A.M (POITOU CHARENTES);128;002
03;041;3200;UNION RMPI;131;002
03;041;4100;UMCAPI;132;002
03;041;5400;HARMONIE MUTUALITE;133;002
03;041;5500;UMCAPI;134;002
03;043;1100;R.A.M. (PROVENCE);135;002
03;043;1200;R.A.M. (PROVENCE);135;002
03;043;1300;R.A.M (PROVENCE);135;002
03;043;4300;MUTUELLES DU SOLEIL;138;002
03;043;5100;Mutuelle de France PLUS;139;002
03;043;5200;EOVI MUTUELLE;140;002
03;043;5300;M.C.M. LES MUTUELLES DU SOLEIL (PROVENCE);141;002
03;045;1100;R.A.M (RHONE);142;002
03;045;3200;UNION RMPI;143;002
03;045;3300;EOVI Mutuelles Presence;144;002
03;045;3400;HARMONIE MUTUELLE;145;002
03;045;4200;ADREA MUTUELLE PROFESSIONS INDEPENDANTES;146;002
03;045;5100;ADREA MUTUELLE PROFESSIONS INDEPENDANTES;147;002
03;045;5200;EOVI MUTUELLE;148;002
03;047;1100;R.A.M (ILE DE FRANCE);149;002
03;047;1300;R.A.M (PROF. INDUST. COMM. ILE DE France);149;002
03;047;2100;MUTUELLE BLEUE (PROF. INDUST. COMM. ILE DE France);151;002
03;047;3100;AVENIR SANTE MUTUELLE;180;002
03;047;3200;PREVADIES- CAMPI IDF;152;002
03;047;5100;U.T.I.M. (PROF. INDUST. COMM. ILE DE France);154;002
03;050;1100;R.A.M (ILE DE FRANCE);155;002
03;050;1300;R.A.M (PROF. ARTIS. ILE DE France);155;002
03;050;2100;LA MUTUELLE BLEUE (PROF. ARTIS. ILE DE France);157;002
03;050;3100;AVENIR SANTE MUTUELLE;158;002
03;050;3200;PREVADIES-CAMPI IDF;159;002
03;050;5200;U.T.I.M. (PROF. ARTIS. ILE DE France);160;002
03;053;1100;R.A.M (DES PROFESSIONS LIBERALES);165;001
03;053;1300;R.A.M (DES PROFESSIONS LIBERALES);165;001
03;053;1900;R.A.M (DES PROFESSIONS LIBERALES);165;001
03;053;3200;HARMONIE MUTUELLE;168;001
03;054;1100;R.A.M (DES PROFESSIONS LIBERALES);165;001
03;054;1300;R.A.M (PROF. LIB. DE PROVINCES);165;001
03;054;1900;R.A.M (PROF. LIB. DE PROVINCES);165;001
03;054;6200;HARMONIE MUTUELLE;168;001
03;054;6400;MUT EST;169;001
03;055;1100;R.A.M. (SECTION AUTONOME BATELLERIE);170;002
03;055;1300;R.A.M (SECTION AUTONOME BATELLERIE);170;002
03;057;1100;R.A.M. (CORSE);172;002
03;058;6800;R.A.M de GUYANE (ANTILLES GUYANE);175;002
03;058;7800;R.A.M. de GUADELOUPE (ANTILLES GUYANE);176;002
03;058;8800;R.A.M. de MARTINIQUE (ANTILLES GUYANE);177;002
03;059;1100;R.A.M. (REUNION);178;001
04;110;0000;Caisse de Prevoyance;110;001
04;120;0000;Caisse des Cadres superieurs;110;001
04;220;0000;Caisse Maladie d Alsace Lorraine;110;001
04;400;0000;Regime des Subsistants;110;001
05;051;0000;Caisse de Coordination aux Assurances Sociales (CCAS);051;001
07;225;0000;Regime minier de securite sociale;225;022
08;756;0100;CNMSS Affilies;756;050
08;758;0200;CNMSS Personnel;758;050
10;980;2101;Caisse de Ret.et Prev. Clercs et Emp. Notaires;980;004
14;100;0000;Fonds de Securite Sociale de l Assemblee Nationale;100;001
15;751;0000;Senat;751;001
16;331;0000;C.P du personnel du Port de Bordeaux;331;001
90;100;0000;Caisse d assurance Vieillesse Invalidite et Maladie des cultes;100;004
91;011;0506;MGEN AIN;011;007
91;021;0506;MGEN AISNE;021;007
91;031;0506;MGEN ALLIER;031;007
91;041;0506;MGEN ALPES DE HAUTE PROVENCE;041;007
91;051;0506;MGEN HAUTES ALPES;051;007
91;061;0506;MGEN ALPES MARITIMES;061;007
91;072;0506;MGEN ARDECHE;072;007
91;081;0506;MGEN ARDENNES;081;007
91;091;0506;MGEN ARIEGE;091;007
91;101;0506;MGEN AUBE;101;007
91;111;0506;MGEN AUDE;111;007
91;121;0506;MGEN AVEYRON;121;007
91;131;0506;MGEN BOUCHES DU RHONE;131;007
91;141;0506;MGEN CALVADOS;141;007
91;151;0506;MGEN CANTAL;151;007
91;161;0506;MGEN CHARENTE;161;007
91;171;0506;MGEN CHARENTE MARITIME;171;007
91;181;0506;MGEN CHER;181;007
91;191;0506;MGEN CORREZE;191;007
91;201;0506;MGEN CORSE DU SUD;201;007
91;202;0506;MGEN HAUTE CORSE;202;007
91;211;0506;MGEN COTE D OR;211;007
91;221;0506;MGEN COTES D ARMOR;221;007
91;231;0506;MGEN CREUSE;231;007
91;241;0506;MGEN DORDOGNE;241;007
91;251;0506;MGEN DOUBS;251;007
91;261;0506;MGEN DROME;261;007
91;271;0506;MGEN EURE;271;007
91;281;0506;MGEN EURE ET LOIR;281;007
91;291;0506;MGEN FINISTERE;291;007
91;301;0506;MGEN GARD;301;007
91;311;0506;MGEN HAUTE GARONNE;311;007
91;321;0506;MGEN GERS;321;007
91;331;0506;MGEN GIRONDE;331;007
91;342;0506;MGEN HERAULT;342;007
91;351;0506;MGEN ILLE ET VILAINE;351;007
91;361;0506;MGEN INDRE;361;007
91;371;0506;MGEN INDRE ET LOIRE;371;007
91;381;0506;MGEN ISERE;381;007
91;391;0506;MGEN JURA;391;007
91;401;0506;MGEN LANDES;401;007
91;411;0506;MGEN LOIR ET CHER;411;007
91;422;0506;MGEN LOIRE;422;007
91;431;0506;MGEN HAUTE LOIRE;431;007
91;441;0506;MGEN LOIRE ATLANTIQUE;441;007
91;451;0506;MGEN LOIRET;451;007
91;461;0506;MGEN LOT;461;007
91;471;0506;MGEN LOT ET GARONNE;471;007
91;481;0506;MGEN LOZERE;481;007
91;491;0506;MGEN MAINE ET LOIRE;491;007
91;501;0506;MGEN MANCHE;501;007
91;511;0506;MGEN MARNE;511;007
91;521;0506;MGEN HAUTE MARNE;521;007
91;531;0506;MGEN MAYENNE;531;007
91;542;0506;MGEN MEURTHE ET MOSELLE;542;007
91;551;0506;MGEN MEUSE;551;007
91;561;0506;MGEN MORBIHAN;561;007
91;571;0506;MGEN MOSELLE;571;007
91;581;0506;MGEN NIEVRE;581;007
91;594;0506;MGEN NORD 1;594;007
91;595;0506;MGEN NORD 2;595;007
91;597;0506;MGEN NORD 3;597;007
91;599;0506;MGEN NORD 4;599;007
91;601;0506;MGEN OISE;601;007
91;611;0506;MGEN ORNE;611;007
91;623;0506;MGEN PAS DE CALAIS 1;623;007
91;624;0506;MGEN PAS DE CALAIS 2;624;007
91;631;0506;MGEN PUY DE DOME;631;007
91;641;0506;MGEN PYRENEES ATLANTIQUES 1;641;007
91;642;0506;MGEN PYRENEES ATLANTIQUES 2;642;007
91;651;0506;MGEN HAUTES PYRENEES;651;007
91;661;0506;MGEN PYRENEES ORIENTALES;661;007
91;673;0506;MGEN BAS RHIN;673;007
91;682;0506;MGEN HAUT RHIN;682;007
91;691;0506;MGEN RHONE;691;007
91;701;0506;MGEN HAUTE SAONE;701;007
91;711;0506;MGEN SAONE ET LOIRE;711;007
91;721;0506;MGEN SARTHE;721;007
91;731;0506;MGEN SAVOIE;731;007
91;741;0506;MGEN HAUTE SAVOIE;741;007
91;751;0506;MGEN PARIS;751;007
91;763;0506;MGEN SEINE MARITIME 1;763;007
91;764;0506;MGEN SEINE MARITIME 2;764;007
91;771;0506;MGEN SEINE ET MARNE;771;007
91;781;0506;MGEN YVELINES;781;007
91;791;0506;MGEN DEUX SEVRES;791;007
91;801;0506;MGEN SOMME;801;007
91;811;0506;MGEN TARN;811;007
91;821;0506;MGEN TARN ET GARONNE;821;007
91;831;0506;MGEN VAR;831;007
91;841;0506;MGEN VAUCLUSE;841;007
91;851;0506;MGEN VENDEE;851;007
91;861;0506;MGEN VIENNE;861;007
91;871;0506;MGEN HAUTE VIENNE;871;007
91;881;0506;MGEN VOSGES;881;007
91;891;0506;MGEN YONNE;891;007
91;901;0506;MGEN TERRITOIRE DE BELFORT;901;007
91;911;0506;MGEN ESSONNE;911;007
91;921;0506;MGEN HAUTS DE SEINE;921;007
91;931;0506;MGEN SEINE SAINT DENIS;931;007
91;941;0506;MGEN VAL DE MARNE;941;007
91;951;0506;MGEN VAL D OISE;951;007
91;971;0506;MGEN GUADELOUPE;971;007
91;972;0506;MGEN MARTINIQUE;972;007
91;973;0506;MGEN GUYANE;973;007
91;974;0506;MGEN REUNION;974;007
91;751;0501;MGEN S.E.M. (Etranger);999;007
94;011;0599;MFP  BOURG EN BRESSE;011;026
94;021;0599;MFP  LAON;021;026
94;022;0599;MFP  ST QUENTIN;022;026
94;031;0599;MFP  MOULINS;031;026
94;041;0599;MFP  DIGNE;041;026
94;051;0599;MFP  GAP;051;026
94;061;0599;MFP  NICE;061;026
94;071;0599;MFP  ANNONAY;071;026
94;072;0599;MFP  PRIVAS;072;026
94;081;0599;MFP  CHARLEVILLE MEZIERES;081;026
94;091;0599;MFP  FOIX;091;026
94;101;0599;MFP  TROYES;101;026
94;111;0599;MFP  CARCASSONNE;111;026
94;121;0599;MFP  RODEZ;121;026
94;131;0599;MFP  MARSEILLE;131;026
94;141;0599;MFP  CAEN;141;026
94;151;0599;MFP  AURILLAC;151;026
94;161;0599;MFP  ANGOULEME;161;026
94;171;0599;MFP  LA ROCHELLE;171;026
94;181;0599;MFP  BOURGES;181;026
94;191;0599;MFP  TULLE;191;026
94;201;0599;MFP  AJACCIO;201;026
94;202;0599;MFP  BASTIA;202;026
94;211;0599;MFP  DIJON;211;026
94;221;0599;MFP  ST BRIEUC;221;026
94;231;0599;MFP  GUERET;231;026
94;241;0599;MFP  PERIGUEUX;241;026
94;251;0599;MFP  BESANCON;251;026
94;252;0599;MFP  MONTBELIARD;252;026
94;261;0599;MFP  VALENCE;261;026
94;271;0599;MFP  EVREUX;271;026
94;281;0599;MFP  CHARTRES;281;026
94;291;0599;MFP  BREST;291;026
94;292;0599;MFP  QUIMPER;292;026
94;301;0599;MFP  NIMES;301;026
94;311;0599;MFP  TOULOUSE;311;026
94;321;0599;MFP  AUCH;321;026
94;331;0599;MFP  BORDEAUX;331;026
94;341;0599;MFP  BEZIERS;341;026
94;342;0599;MFP  MONTPELLIER;342;026
94;351;0599;MFP  RENNES;351;026
94;361;0599;MFP  CHATEAUROUX;361;026
94;371;0599;MFP  TOURS;371;026
94;381;0599;MFP  GRENOBLE;381;026
94;382;0599;MFP  VIENNE;382;026
94;391;0599;MFP  LONS LE SAUNIER;391;026
94;401;0599;MFP  MONT DE MARSAN;401;026
94;411;0599;MFP  BLOIS;411;026
94;421;0599;MFP  ROANNE;421;026
94;422;0599;MFP  ST ETIENNE;422;026
94;431;0599;MFP  LE PUY;431;026
94;441;0599;MFP  NANTES;441;026
94;442;0599;MFP  ST NAZAIRE;442;026
94;451;0599;MFP  ORLEANS;451;026
94;461;0599;MFP  CAHORS;461;026
94;471;0599;MFP  AGEN;471;026
94;481;0599;MFP  MENDE;481;026
94;491;0599;MFP  ANGERS;491;026
94;492;0599;MFP  CHOLET;492;026
94;751;0500;MFP  M.G.A.S. PARIS;500;026
94;781;0500;MFP  M.G.A.S. VERSAILLES;500;026
94;911;0500;MFP  M.G.A.S. EVRY;500;026
94;921;0500;MFP  M.G.A.S. NANTERRE;500;026
94;931;0500;MFP  M.G.A.S. BOBIGNY;500;026
94;941;0500;MFP  M.G.A.S. CRETEIL;500;026
94;951;0500;MFP  M.G.A.S. CERGY-PONTOISE;500;026
94;751;0599;MFP  SRI PARIS;599;026
94;781;0599;MFP  SRI VERSAILLES;599;026
94;911;0599;MFP  SRI EVRY;599;026
94;921;0599;MFP  SRI NANTERRE;599;026
94;931;0599;MFP  SRI BOBIGNY;599;026
94;941;0599;MFP  SRI CRETEIL;599;026
94;951;0599;MFP  SRI CERGY PONTOISE;599;026
94;501;0599;MFP  ST LO;501;026
94;751;0504;MFP  M.A.I. PARIS;504;026
94;781;0504;MFP  M.A.I. VERSAILLES;504;026
94;911;0504;MFP  M.A.I. EVRY;504;026
94;921;0504;MFP  M.A.I. NANTERRE;504;026
94;931;0504;MFP  M.A.I. BOBIGNY;504;026
94;941;0504;MFP  M.A.I. CRETEIL;504;026
94;951;0504;MFP  M.A.I. CERGY-PONTOISE;504;026
94;751;0507;MFP  S.M.A.R. PARIS;507;026
94;781;0507;MFP  S.M.A.R. VERSAILLES;507;026
94;911;0507;MFP  S.M.A.R. EVRY;507;026
94;921;0507;MFP  S.M.A.R. NANTERRE;507;026
94;931;0507;MFP  S.M.A.R. BOBIGNY;507;026
94;941;0507;MFP  S.M.A.R. CRETEIL;507;026
94;951;0507;MFP  S.M.A.R. CERGY-PONTOISE;507;026
94;751;0509;MFP  M.P.I.R. PARIS;509;026
94;781;0509;MFP  M.P.I.R. VERSAILLES;509;026
94;911;0509;MFP  M.P.I.R. EVRY;509;026
94;921;0509;MFP  M.P.I.R. NANTERRE;509;026
94;931;0509;MFP  M.P.I.R. BOBIGNY;509;026
94;941;0509;MFP  M.P.I.R. CRETEIL;509;026
94;951;0509;MFP  M.P.I.R. CERGY-PONTOISE;509;026
94;511;0599;MFP  REIMS;511;026
94;751;0513;MFP  Mutuelle des Douanes PARIS;513;026
94;781;0513;MFP  Mutuelle des Douanes VERSAILLES;513;026
94;911;0513;MFP  Mutuelle des Douanes EVRY;513;026
94;921;0513;MFP  Mutuelle des Douanes NANTERRE;513;026
94;931;0513;MFP  Mutuelle des Douanes BOBIGNY;513;026
94;941;0513;MFP  Mutuelle des Douanes CRETEIL;513;026
94;951;0513;MFP  Mutuelle des Douanes CERGY-PONTOISE;513;026
94;751;0511;MFP  Mutuelle du Tresor PARIS;514;026
94;781;0511;MFP  Mutuelle du Tresor VERSAILLES;514;026
94;911;0511;MFP  Mutuelle du Tresor EVRY;514;026
94;921;0511;MFP  Mutuelle du Tresor NANTERRE;514;026
94;931;0511;MFP  Mutuelle du Tresor BOBIGNY;514;026
94;941;0511;MFP  Mutuelle du Tresor CRETEIL;514;026
94;951;0511;MFP  Mutuelle du Tresor CERGY-PONTOISE;514;026
94;751;0518;MFP  Mut des Caisses de D&C PARIS;518;026
94;781;0518;MFP  Mut des Caisses de D&C VERSAILLES;518;026
94;911;0518;MFP  Mut des Caisses de D&C EVRY;518;026
94;921;0518;MFP  Mut des Caisses de D&C NANTERRE;518;026
94;931;0518;MFP  Mut des Caisses de D&C BOBIGNY;518;026
94;941;0518;MFP  Mut des Caisses de D&C CRETEIL;518;026
94;951;0518;MFP  Mut des Caisses de D&C CERGY-PONTOISE;518;026
94;751;0520;MFP  M.G.P.A.T. PARIS;520;026
94;781;0520;MFP  M.G.P.A.T. VERSAILLES;520;026
94;911;0520;MFP  M.G.P.A.T. EVRY;520;026
94;921;0520;MFP  M.G.P.A.T. NANTERRE;520;026
94;931;0520;MFP  M.G.P.A.T. BOBIGNY;520;026
94;941;0520;MFP  M.G.P.A.T. CRETEIL;520;026
94;951;0520;MFP  M.G.P.A.T. CERGY-PONTOISE;520;026
94;521;0599;MFP  CHAUMONT;521;026
94;751;0523;MFP  M.C.F. PARIS;523;026
94;781;0523;MFP  M.C.F. VERSAILLES;523;026
94;911;0523;MFP  M.C.F. EVRY;523;026
94;921;0523;MFP  M.C.F. NANTERRE;523;026
94;931;0523;MFP  M.C.F. BOBIGNY;523;026
94;941;0523;MFP  M.C.F. CRETEIL;523;026
94;951;0523;MFP  M.C.F. CERGY-PONTOISE;523;026
94;751;0524;MFP  M.G.P.A. PARIS;524;026
94;781;0524;MFP  M.G.P.A. VERSAILLES;524;026
94;911;0524;MFP  M.G.P.A. EVRY;524;026
94;921;0524;MFP  M.G.P.A. NANTERRE;524;026
94;931;0524;MFP  M.G.P.A. BOBIGNY;524;026
94;941;0524;MFP  M.G.P.A. CRETEIL;524;026
94;951;0524;MFP  M.G.P.A. CERGY-PONTOISE;524;026
94;751;0526;MFP  M.P.A.A.C PARIS;526;026
94;781;0526;MFP  M.P.A.A.C VERSAILLES;526;026
94;911;0526;MFP  M.P.A.A.C EVRY;526;026
94;921;0526;MFP  M.P.A.A.C NANTERRE;526;026
94;931;0526;MFP  M.P.A.A.C BOBIGNY;526;026
94;941;0526;MFP  M.P.A.A.C CRETEIL;526;026
94;951;0526;MFP  M.P.A.A.C CERGY-PONTOISE;526;026
94;751;0527;MFP  M.M.J. PARIS;527;026
94;781;0527;MFP  M.M.J. VERSAILLES;527;026
94;911;0527;MFP  M.M.J. EVRY;527;026
94;921;0527;MFP  M.M.J. NANTERRE;527;026
94;931;0527;MFP  M.M.J. BOBIGNY;527;026
94;941;0527;MFP  M.M.J. CRETEIL;527;026
94;951;0527;MFP  M.M.J. CERGY-PONTOISE;527;026
94;531;0599;MFP  LAVAL;531;026
94;751;0532;MFP  M.C.D.E.F. PARIS;532;026
94;781;0532;MFP  M.C.D.E.F. VERSAILLES;532;026
94;911;0532;MFP  M.C.D.E.F. EVRY;532;026
94;921;0532;MFP  M.C.D.E.F. NANTERRE;532;026
94;931;0532;MFP  M.C.D.E.F. BOBIGNY;532;026
94;941;0532;MFP  M.C.D.E.F. CRETEIL;532;026
94;951;0532;MFP  M.C.D.E.F. CERGY-PONTOISE;532;026
94;541;0599;MFP  LONGWY;541;026
94;542;0599;MFP  NANCY;542;026
94;551;0599;MFP  BAR LE DUC;551;026
94;561;0599;MFP  VANNES;561;026
94;571;0599;MFP  METZ;571;026
94;572;0599;MFP  SARREGUEMINES;572;026
94;573;0599;MFP  THIONVILLE;573;026
94;581;0599;MFP  NEVERS;581;026
94;591;0599;MFP  ARMENTIERES;591;026
94;592;0599;MFP  CAMBRAI;592;026
94;593;0599;MFP  DOUAI;593;026
94;594;0599;MFP  DUNKERQUE;594;026
94;595;0599;MFP  LILLE;595;026
94;596;0599;MFP  MAUBEUGE;596;026
94;597;0599;MFP  ROUBAIX;597;026
94;598;0599;MFP  TOURCOING;598;026
94;599;0599;MFP  VALENCIENNES;599;026
94;601;0599;MFP  BEAUVAIS;601;026
94;602;0599;MFP  CREIL;602;026
94;611;0599;MFP  ALENCON;611;026
94;621;0599;MFP  ARRAS;621;026
94;622;0599;MFP  BOULOGNE SUR MER;622;026
94;623;0599;MFP  CALAIS;623;026
94;624;0599;MFP  LENS;624;026
94;631;0599;MFP  CLERMONT FERRAND;631;026
94;751;0634;MFP  M.G.P.A.T. PARIS;634;026
94;781;0634;MFP  M.G.P.A.T. VERSAILLES;634;026
94;911;0634;MFP  M.G.P.A.T. EVRY;634;026
94;921;0634;MFP  M.G.P.A.T. NANTERRE;634;026
94;931;0634;MFP  M.G.P.A.T. BOBIGNY;634;026
94;941;0634;MFP  M.G.P.A.T. CRETEIL;634;026
94;951;0634;MFP  M.G.P.A.T. CERGY-PONTOISE;634;026
94;641;0599;MFP  BAYONNE;641;026
94;642;0599;MFP  PAU;642;026
94;651;0599;MFP  TARBES;651;026
94;661;0599;MFP  PERPIGNAN;661;026
94;671;0599;MFP  HAGUENAU;671;026
94;672;0599;MFP  SELESTAT;672;026
94;673;0599;MFP  STRASBOURG;673;026
94;681;0599;MFP  COLMAR;681;026
94;682;0599;MFP  MULHOUSE;682;026
94;691;0599;MFP  LYON;691;026
94;692;0599;MFP  VILLEFRANCHE SUR SAONE;692;026
94;701;0599;MFP  VESOUL;701;026
94;711;0599;MFP  MACON;711;026
94;721;0599;MFP  LE MANS;721;026
94;731;0599;MFP  CHAMBERY;731;026
94;741;0599;MFP  ANNECY;741;026
94;761;0599;MFP  DIEPPE;761;026
94;762;0599;MFP  ELBEUF;762;026
94;763;0599;MFP  LE HAVRE;763;026
94;764;0599;MFP  ROUEN;764;026
94;771;0599;MFP  MELUN RUBELLES;771;026
94;791;0599;MFP  NIORT;791;026
94;801;0599;MFP  AMIENS;801;026
94;811;0599;MFP  ALBI;811;026
94;821;0599;MFP  MONTAUBAN;821;026
94;831;0599;MFP  TOULON;831;026
94;841;0599;MFP  AVIGNON;841;026
94;851;0599;MFP  LA ROCHE SUR YON;851;026
94;861;0599;MFP  POITIERS;861;026
94;871;0599;MFP  LIMOGES;871;026
94;881;0599;MFP  EPINAL;881;026
94;891;0599;MFP  AUXERRE;891;026
94;901;0599;MFP  BELFORT;901;026
94;971;0599;MFP  POINTE A PITRE;971;026
94;972;0599;MFP  FORT DE FRANCE;972;026
94;973;0599;MFP  CAYENNE;973;026
94;974;0599;MFP  SAINT DENIS;974;026
99;811;0601;LMDE ALBI;811;075
99;751;0602;MCVPAP;001;001
99;781;0602;MCVPAP;001;001
99;911;0602;MCVPAP;001;001
99;921;0602;MCVPAP;001;001
99;931;0602;MCVPAP;001;001
99;941;0602;MCVPAP;001;001
99;951;0602;MCVPAP;001;001
99;081;0609;M.N.T.  Ardennes;009;223
99;331;0609;M.N.T. Gironde;011;223
99;661;0609;M.N.T. Pyrenees Orientales;012;223
99;691;0609;M.N.T.  Rhone;004;223
99;973;0609;M.N.T. Guyane;013;223
99;861;0651;Mutuelle des hopitaux de la Vienne;017;003
99;021;0617;SMENO Laon;021;129
99;022;0617;SMENO St Quentin;022;129
99;311;0617;VITTAVI Toulouse;023;006
99;331;0617;VITTAVI Bordeaux;024;006
99;641;0617;VITTAVI Bayonne;025;006
99;642;0617;VITTAVI Pau;026;006
99;871;0617;VITTAVI Limoges;027;006
99;811;0617;VITTAVI Albi;019;006
99;651;0617;VITTAVI Tarbes;020;006
99;401;0617;VITTAVI Mont de Marsan;035;006
99;691;0617;SMERRA Lyon;032;007
99;171;0617;SMECO La Rochelle;033;007
99;211;0617;SMEREB Dijon;034;007
99;251;0617;SMEREB Besancon;036;007
99;261;0617;SMERRA Valence;038;007
99;371;0617;SMECO Tours;039;007
99;381;0617;SMERRA Grenoble;042;007
99;421;0617;SMERRA Roanne;044;007
99;422;0617;SMERRA Saint Etienne;046;007
99;451;0617;SMECO Orleans;047;007
99;581;0617;SMEREB Nevers;048;007
99;631;0617;SMERRA Clermont Ferrand;049;007
99;711;0617;SMEREB Le Creusot;053;007
99;731;0617;SMERRA Chambery;054;007
99;741;0617;SMERRA Annecy;056;007
99;751;0505;MAGE Paris;057;007
99;861;0617;SMECO Poitiers;058;007
99;901;0617;SMEREB Belfort;062;007
99;131;0617;MEP Marseille;063;066
99;301;0617;MEP Nimes;064;066
99;111;0617;MEP Narbonne;065;066
99;341;0617;MEP Beziers;066;066
99;342;0617;MEP Montpellier;067;066
99;831;0617;MEP Toulon;068;066
99;841;0617;MEP Avignon;069;066
99;661;0617;MEP Perpignan;070;066
99;061;0617;MEP Nice;072;066
99;891;0617;SMEREB Auxerre;073;007
99;031;0617;SMERRA Montlucon;076;007
99;181;0617;SMECO Bourges;078;007
99;252;0617;SMEREB Montbeliard;079;007
99;391;0617;SMEREB Lons le Saunier;082;007
99;411;0617;SMECO Blois;083;007
99;011;0617;SMERRA Bourg en Bresse;084;007
99;101;0601;LMDE Troyes;102;075
99;031;0601;LMDE Moulins;103;075
99;061;0601;LMDE Nice;104;075
99;591;0601;LMDE Armentieres;106;075
99;591;0617;SMENO Armentieres;107;129
99;593;0617;SMENO Douai;108;129
99;081;0601;LMDE Charleville;109;075
99;111;0601;LMDE Carcassonne;112;075
99;594;0617;SMENO Dunkerque;113;129
99;595;0617;SMENO Lille;114;129
99;596;0617;SMENO Maubeuge;116;129
99;597;0617;SMENO Roubaix;117;129
99;598;0617;SMENO Tourcoing;118;129
99;599;0617;SMENO Valenciennes;119;129
99;763;0601;LMDE Le Havre;122;075
99;763;0617;SMENO Le Havre;123;129
99;764;0601;LMDE Rouen;124;075
99;764;0617;SMENO Rouen;126;129
99;921;0617;SMEREP;127;097
99;011;0601;LMDE Bourg en Bresse;128;075
99;131;0601;LMDE Marseille;132;075
99;921;0601;LMDE Nanterre;134;075
99;592;0617;SMENO Cambrai;137;129
99;141;0601;LMDE Caen;142;075
99;141;0617;SMENO Calvados;143;129
99;161;0601;LMDE Angouleme;162;075
99;161;0617;SMECO Angouleme;163;007
99;171;0601;LMDE La Rochelle;172;075
99;181;0601;LMDE Bourges;182;075
99;191;0601;LMDE Correze;192;075
99;202;0601;LMDE Bastia;202;075
99;211;0601;LMDE Dijon;212;075
99;221;0617;SMEBA ST Brieuc;222;074
99;221;0601;LMDE St Brieuc;223;075
99;251;0601;LMDE Besancon;253;075
99;252;0601;LMDE Montbeliard;254;075
99;261;0601;LMDE Valence;262;075
99;271;0617;SMENO Evreux;272;129
99;271;0601;LMDE Evreux;273;075
99;191;0617;VITTAVI Brive;028;006
99;281;0617;SMECO Chartres;283;007
99;281;0601;LMDE Chartres;284;075
99;021;0601;LMDE Laon;029;075
99;291;0617;SMEBA Brest;293;074
99;292;0617;SMEBA Quimper;294;074
99;291;0601;LMDE Brest;296;075
99;292;0601;LMDE Quimper;297;075
99;022;0601;LMDE St Quentin;030;075
99;301;0601;LMDE Nimes;302;075
99;311;0601;LMDE Toulouse;312;075
99;331;0601;LMDE Bordeaux;332;075
99;342;0601;LMDE Montpellier;342;075
99;341;0601;LMDE Beziers;343;075
99;351;0617;SMEBA Rennes;352;074
99;351;0601;LMDE Rennes;353;075
99;361;0617;SMECO Chateauroux;362;007
99;361;0601;LMDE  Chateauroux;363;075
99;371;0601;LMDE Tours;372;075
99;371;0651;M.N.T. Indre et Loire;373;136
99;381;0601;LMDE Grenoble;383;075
99;391;0601;LMDE Lons Le Saunier;391;075
99;401;0601;LMDE Mont de Marsan;402;075
99;411;0601;LMDE Blois;412;075
99;421;0601;LMDE Roanne;421;075
99;422;0601;LMDE Saint Etienne;423;075
99;441;0617;SMEBA Nantes;442;074
99;441;0613;M.N.T. Loire Atlantique;443;087
99;441;0601;LMDE Nantes;444;075
99;451;0601;LMDE Orleans;452;075
99;491;0617;SMEBA Angers;492;074
99;492;0617;SMEBA Cholet;493;074
99;491;0601;LMDE Angers;494;075
99;492;0601;LMDE Cholet;496;075
99;501;0601;LMDE Saint Lo;502;075
99;501;0617;SMENO Saint Lo;503;129
99;511;0601;LMDE Reims;511;075
99;511;0617;MGEL Reims;512;138
99;521;0601;LMDE Chaumont;522;075
99;531;0617;SMEBA Laval;532;074
99;531;0601;LMDE Laval;533;075
99;541;0601;LMDE Longwy;543;075
99;542;0601;LMDE Nancy;544;075
99;541;0617;MGEL Longwy;546;138
99;542;0617;MGEL Nancy;547;138
99;561;0617;SMEBA Vannes;562;074
99;561;0601;LMDE Vannes;563;075
99;572;0601;LMDE Sarreguemines;572;075
99;573;0601;LMDE Thionville;573;075
99;571;0601;LMDE Metz;574;075
99;571;0617;MGEL Metz;576;138
99;572;0617;MGEL Sarreguemines;577;138
99;573;0617;MGEL Thionville;578;138
99;581;0601;LMDE Nevers;582;075
99;592;0601;LMDE Cambrai;592;075
99;593;0601;LMDE Douai;593;075
99;594;0601;LMDE Dunkerque;594;075
99;595;0601;LMDE Lille;595;075
99;596;0601;LMDE Maubeuge;596;075
99;597;0601;LMDE Roubaix;597;075
99;598;0601;LMDE Tourcoing;598;075
99;599;0601;LMDE Valenciennes;599;075
99;601;0617;SMENO Beauvais;603;129
99;602;0617;SMENO Creil;604;129
99;601;0601;LMDE Beauvais;605;075
99;602;0601;LMDE Creil;606;075
99;611;0601;LMDE Alencon;612;075
99;611;0617;SMENO Alencon;613;129
99;621;0601;LMDE Arras;621;075
99;622;0601;LMDE Boulogne sur Mer;622;075
99;623;0601;LMDE Calais;623;075
99;624;0601;LMDE Lens;624;075
99;621;0617;SMENO Arras;626;129
99;622;0617;SMENO Boulogne;627;129
99;623;0617;SMENO Calais;628;129
99;624;0617;SMENO Lens;629;129
99;631;0601;LMDE Clermont Ferrand;631;075
99;641;0601;LMDE Bayonne;641;075
99;642;0601;LMDE Pau;643;075
99;651;0601;LMDE Tarbes;651;075
99;661;0601;LMDE Perpignan;662;075
99;673;0601;LMDE Strasbourg;673;075
99;672;0601;LMDE Selestat;674;075
99;672;0617;MGEL Selestat;675;138
99;673;0617;MGEL Strasbourg;676;138
99;673;0689;Mutuelle de l Est;677;141
99;681;0601;LMDE Colmar;681;075
99;682;0601;LMDE Mulhouse;683;075
99;681;0617;MGEL Colmar;684;138
99;682;0617;MGEL Mulhouse;686;138
99;691;0601;LMDE Lyon;692;075
99;711;0601;LMDE Macon;712;075
99;721;0617;SMEBA Le Mans;722;074
99;721;0601;LMDE Le Mans;723;075
99;731;0601;LMDE Chambery;732;075
99;741;0601;LMDE Annecy;742;075
99;751;0601;LMDE Paris;752;075
99;751;0617;SMEREP;753;097
99;771;0601;LMDE Melun;772;075
99;771;0617;SMEREP;773;097
99;781;0601;LMDE Versailles;782;075
99;781;0617;SMEREP;783;097
99;791;0601;LMDE Niort;785;075
99;791;0617;SMECO Niort;792;007
99;801;0601;LMDE Amiens;802;075
99;801;0617;SMENO Amiens;803;129
99;831;0601;LMDE Toulon;832;075
99;841;0601;LMDE Avignon;842;075
99;851;0617;SMEBA La Roche sur Yon;852;074
99;851;0601;LMDE La Roche sur Yon;853;075
99;861;0601;LMDE Poitiers;861;075
99;861;0652;MNT-Covimut Section de la Vienne;862;137
99;871;0601;LMDE Limoges;872;075
99;881;0601;LMDE Epinal;882;075
99;881;0617;MGEL Epinal;883;138
99;891;0601;LMDE Auxerre;892;075
99;901;0601;LMDE Belfort;901;075
99;911;0601;LMDE Evry;912;075
99;911;0617;SMEREP;913;097
99;931;0601;LMDE St Denis;933;075
99;931;0617;SMEREP;934;097
99;941;0601;LMDE Creteil;942;075
99;941;0617;SMEREP;943;097
99;951;0601;LMDE Cergy;951;075
99;951;0617;SMEREP;952;097
99;971;0617;SMERAG;971;097
99;972;0617;SMERAG;972;097
99;973;0617;SMERAG;973;097
99;971;0601;LMDE Pointe a Pitre;974;075
99;972;0601;LMDE Fort de France;975;075
99;974;0601;LMDE  Saint Denis de la Reunion;976;075
99;974;0617;VITTAVI-SMERE Sainte Clotilde;977;006
99;311;0654;M.N.T. Haute Garonne;018;004
99;973;0601;LMDE CAYENNE;979;075
99;382;0617;SMERRA VIENNE;043;007
90;100;0011;Caisse d assurance Vieillesse Invalidite et Maladie des cultes;100;004
03;001;3300;UNION RMPI;200;002
03;001;4300;ADREA MUTUELLE PROFESSIONS INDEPENDANTES;201;002
06;200;0200;ENIM - CLP Bordeaux;200;029
06;200;0400;ENIM - CLP Saint-Malo;200;029
06;200;0800;ENIM - CLP Lorient;200;029
03;052;3200;HARMONIE MUTUELLE;217;002
03;052;3100;AVENIR SANTE MUTUELLE;216;002
03;052;2100;MUTUELLE BLEUE;215;002
03;048;3200;HARMONIE MUTUELLE;213;002
03;052;1100;R.A.M. (ILE DE FRANCE);214;002
03;048;3100;AVENIR SANTE MUTUELLE;212;002
03;048;2100;MUTUELLE BLEUE;211;002
03;048;1100;R.A.M. (ILE DE FRANCE);210;002
03;046;3200;HARMONIE MUTUELLE;209;002
03;046;3100;AVENIR SANTE MUTUELLE;208;002
03;046;2100;MUTUELLE BLEUE;207;002
03;046;1100;R.A.M. (ILE DE FRANCE);206;002
03;034;3400;UMCAPI;205;001
03;034;3200;UNION RMPI;204;001
03;034;1100;R.A.M. (NORD PAS DE CALAIS);202;001
99;382;0601;LMDE Vienne;385;075
99;939;0603;CAMIEG;939;038
91;976;0501;MGEN MFP MAYOTTE;976;007
99;971;0618;VITTAVI Guadeloupe;970;006
99;972;0618;VITTAVI Martinique;981;006
99;973;0618;VITTAVI Guyane;983;006
03;019;2600;AGIR-MUTUELLES FRANCHE-COMTE;228;001
03;003;2600;MUT EST;219;001
03;043;2600;ADREA MUTUELLE PROFESSIONS INDEPENDANTES;237;002
03;023;2600;Mutuelle de France PLUS;231;002
03;001;2200;Mutuelles du Soleil;218;002
03;005;2200;Mutuelles du Soleil;220;002
03;009;2200;Mutuelles du Soleil;224;001
03;019;2200;Mutuelles du Soleil;227;001
03;021;2200;MUTUELLES DU SOLEIL;229;002
03;027;2200;Mutuelles du Soleil;232;002
03;045;2200;Mutuelles du Soleil;238;002
03;052;2200;Mutuelles du Soleil;239;002
03;053;2200;Mutuelles du Soleil;301;001
03;054;2200;MUTUELLES DU SOLEIL;301;001
03;057;2200;Mutuelles du Soleil;243;002
01;759;0000;CRAMIF Ile de France;759;004
93;789;0211;MGP DIJON;789;064
03;021;2600;HARMONIE MUTUELLE;230;002
93;789;0371;MGP TOURS;789;064
93;789;0241;MGP PERIGUEUX;789;064
93;789;0471;MGP AGEN;789;064
93;789;0751;MGP UNG;789;064
93;789;0771;MGP UNG;789;064
93;789;0781;MGP UNG;789;064
93;789;0911;MGP UNG;789;064
93;789;0921;MGP UNG;789;064
93;789;0931;MGP UNG;789;064
93;789;0941;MGP UNG;789;064
93;789;0951;MGP UNG;789;064
03;052;2300;UMCAPI;240;002
03;005;2300;UMCAPI;221;002
03;013;2300;UMCAPI;225;001
03;037;2300;UMCAPI;234;001
93;789;0111;MGP Carcassonne;789;064
93;789;0061;MGP Nice;789;064
93;789;0131;MGP Marseille;789;064
93;789;0151;MGP Aurillac;789;064
93;789;0291;MGP Brest;789;064
93;789;0292;MGP Quimper;789;064
93;789;0301;MGP Nimes;789;064
93;789;0311;MGP Toulouse;789;064
93;789;0331;MGP Bordeaux;789;064
93;789;0341;MGP Beziers;789;064
93;789;0342;MGP Montpellier;789;064
93;789;0421;MGP Roanne;789;064
93;789;0422;MGP St Etienne;789;064
93;789;0441;MGP Nantes;789;064
93;789;0442;MGP St Nazaire;789;064
93;789;0451;MGP Orleans;789;064
93;789;0511;MGP Reims;789;064
93;789;0561;MGP Vannes;789;064
93;789;0571;MGP Metz;789;064
93;789;0572;MGP Sarreguemines;789;064
93;789;0573;MGP Thionville;789;064
93;789;0631;MGP Clermont-Ferrand;789;064
93;789;0641;MGP Bayonne;789;064
93;789;0642;MGP Pau;789;064
93;789;0661;MGP Perpignan;789;064
93;789;0831;MGP Toulon;789;064
93;789;0871;MGP Limoges;789;064
93;789;0891;MGP Auxerre;789;064
93;789;0643;MGP Pau MNH;789;064
03;039;2300;UMCAPI;313;001
03;013;2700;HARMONIE MUTUELLE;302;001
03;015;2700;HARMONIE MUTUELLE;303;001
03;017;2700;HARMONIE MUTUELLE;304;002
03;023;2700;HARMONIE MUTUELLE;305;002
03;027;2700;HARMONIE MUTUALITE;306;002
03;034;2700;HARMONIE MUTUELLE;307;001
03;037;2700;HARMONIE MUTUELLE;308;001
03;041;2700;HARMONIE MUTUELLE;309;002
03;043;2700;HARMONIE MUTUELLE;310;002
03;046;2700;HARMONIE MUTUELLE;311;002
03;052;2700;HARMONIE MUTUELLE;312;002
93;789;0011;MGP BOURG EN BRESSE;789;064
93;789;0021;MGP LAON;789;064
93;789;0022;MGP St QUENTIN;789;064
93;789;0031;MGP MOULINS;789;064
93;789;0041;MGP DIGNE;789;064
93;789;0051;MGP GAP;789;064
93;789;0071;MGP ANNONAY;789;064
93;789;0072;MGP PRIVAS;789;064
93;789;0081;MGP CHARLEVILLE MEZIERES;789;064
93;789;0091;MGP FOIX;789;064
93;789;0101;MGP TROYES;789;064
93;789;0121;MGP RODEZ;789;064
93;789;0141;MGP  CAEN;789;064
93;789;0161;MGP ANGOULEME;789;064
93;789;0171;MGP LA ROCHELLE;789;064
93;789;0181;MGP BOURGES;789;064
93;789;0191;MGP TULLE;789;064
93;789;0201;MGP AJACCIO;789;064
93;789;0202;MGP BASTIA;789;064
93;789;0221;MGP St BRIEUC;789;064
93;789;0231;MGP GUERET;789;064
93;789;0251;MGP BESANCON;789;064
93;789;0252;MGP MONTBELIARD;789;064
93;789;0261;MGP VALENCE;789;064
93;789;0271;MGP EVREUX;789;064
93;789;0281;MGP CHARTRES;789;064
93;789;0321;MGP AUCH;789;064
93;789;0351;MGP RENNES;789;064
93;789;0361;MGP CHATEAUROUX;789;064
93;789;0381;MGP GRENOBLE;789;064
93;789;0382;MGP VIENNE;789;064
93;789;0391;MGP LONS LE SAUNIER;789;064
93;789;0401;MGP MONT DE MARSAN;789;064
93;789;0411;MGP BLOIS;789;064
93;789;0431;MGP LE PUY;789;064
93;789;0461;MGP CAHORS;789;064
93;789;0481;MGP MENDE;789;064
93;789;0491;MGP ANGERS;789;064
93;789;0492;MGP CHOLET;789;064
93;789;0501;MGP St LO;789;064
93;789;0521;MGP CHAUMONT;789;064
93;789;0531;MGP LAVAL;789;064
93;789;0541;MGP LONGWY;789;064
93;789;0542;MGP NANCY;789;064
93;789;0551;MGP BAR LE DUC;789;064
93;789;0581;MGP NEVERS;789;064
93;789;0591;MGP ARMENTIERES;789;064
93;789;0592;MGP CAMBRAI;789;064
93;789;0593;MGP DOUAI;789;064
93;789;0594;MGP DUNKERQUE;789;064
93;789;0595;MGP LILLE;789;064
93;789;0596;MGP MAUBEUGE;789;064
93;789;0597;MGP ROUBAIX;789;064
93;789;0598;MGP TOURCOING;789;064
93;789;0599;MGP VALENCIENNES;789;064
93;789;0601;MGP BEAUVAIS;789;064
93;789;0602;MGP CREIL;789;064
93;789;0611;MGP ALENCON;789;064
93;789;0621;MGP ARRAS;789;064
93;789;0622;MGP BOULOGNE sur MER;789;064
93;789;0623;MGP CALAIS;789;064
93;789;0624;MGP LENS;789;064
93;789;0651;MGP TARBES;789;064
93;789;0671;MGP HAGUENAU;789;064
93;789;0672;MGP SELESTAT;789;064
93;789;0673;MGP STRASBOURG;789;064
93;789;0681;MGP COLMAR;789;064
93;789;0682;MGP MULHOUSE;789;064
93;789;0691;MGP LYON;789;064
93;789;0692;MGP VILLEFRANCHE sur SAONE;789;064
93;789;0701;MGP VESOUL;789;064
93;789;0711;MGP MACON;789;064
93;789;0721;MGP LE MANS;789;064
93;789;0731;MGP CHAMBERY;789;064
93;789;0741;MGP ANNECY;789;064
93;789;0761;MGP DIEPPE;789;064
93;789;0762;MGP ELBEUF;789;064
93;789;0763;MGP LE HAVRE;789;064
93;789;0764;MGP ROUEN;789;064
93;789;0791;MGP NIORT;789;064
93;789;0801;MGP AMIENS;789;064
93;789;0811;MGP ALBI;789;064
93;789;0821;MGP MONTAUBAN;789;064
93;789;0841;MGP AVIGNON;789;064
93;789;0851;MGP LA ROCHE sur YON;789;064
93;789;0861;MGP POITIERS;789;064
93;789;0881;MGP EPINAL;789;064
93;789;0901;MGP BELFORT;789;064
93;789;0971;MGP POINTE A PITRE;789;064
93;789;0972;MGP FORT DE FRANCE;789;064
93;789;0973;MGP CAYENNE;789;064
93;789;0974;MGP St DENIS;789;064
03;011;3100;HARMONIE MUTUELLE;314;001
03;007;2700;HARMONIE MUTUELLE;315;002
01;976;0000;MAYOTTE;976;007
03;015;3500;HARMONIE MUTUELLE;316;001
03;025;3500;HARMONIE MUTUELLE;317;001
03;029;3500;HARMONIE MUTUELLE;318;001
91;621;0506;MGEN ARRAS;621;007
91;622;0506;MGEN BOULOGNE SUR MER;622;007
91;671;0506;MGEN HAGUENAU;671;007
91;672;0506;MGEN SELESTAT;672;007
91;681;0506;MGEN COLMAR;681;007
91;692;0506;MGEN VILLEFRANCHE SUR SAONE;692;007
91;761;0506;MGEN DIEPPE;761;007
91;602;0506;MGEN CREIL;602;007
91;598;0506;MGEN TOURCOING;598;007
91;596;0506;MGEN MAUBEUGE;596;007
91;593;0506;MGEN DOUAI;593;007
91;592;0506;MGEN CAMBRAI;592;007
91;591;0506;MGEN ARMENTIERES;591;007
91;573;0506;MGEN THIONVILLE;573;007
91;572;0506;MGEN SARREGUEMINES;572;007
91;541;0506;MGEN LONGWY;541;007
91;492;0506;MGEN CHOLET;492;007
91;442;0506;MGEN ST NAZAIRE;442;007
91;421;0506;MGEN ROANNE;421;007
91;382;0506;MGEN VIENNE;382;007
91;341;0506;MGEN BEZIERS;341;007
91;292;0506;MGEN QUIMPER;292;007
91;252;0506;MGEN MONTBELIARD;252;007
91;071;0506;MGEN ANNONAY;071;007
91;022;0506;MGEN ST QUENTIN;022;007
91;762;0506;MGEN ELBEUF;762;007
03;034;4100;UMCAPI;319;001
08;835;0300;CNMSS Pensionnes Invalides de guerre;835;052
03;019;4200;ADREA MUTUELLE PROFESSIONS INDEPENDANTES;320;001
03;005;3300;MUTUELLE VIASANTE;321;002
03;023;3300;MUTUELLE VIASANTE;322;002
03;027;3300;MUTUELLE VIASANTE;323;002
03;037;4200;ADREA MUTUELLE PROFESSIONS INDEPENDANTES;325;001
03;031;4200;ADREA MUTUELLE PROFESSIONS INDEPENDANTES;324;001
03;033;3400;JUST ENSEMBLE NORD;113;001
95;459;0011;MNH BOURG EN BRESSE;459;070
95;459;0251;MNH BESANCON;459;070
95;459;0281;MNH CHARTRES 1;459;070
95;459;0291;MNH BREST;459;070
95;459;0301;MNH NIMES;459;070
95;459;0331;MNH BORDEAUX;459;070
95;459;0371;MNH TOURS;459;070
95;459;0381;MNH GRENOBLE;459;070
95;459;0451;MNH ORLEANS;459;070
95;459;0471;MNH AGEN;459;070
95;459;0542;MNH NANCY;459;070
95;459;0711;MNH MACON;459;070
95;459;0731;MNH CHAMBERY;459;070
95;459;0751;MNH PARIS;459;070
95;459;0781;MNH VERSAILLES;459;070
95;459;0911;MNH EVRY;459;070
95;459;0921;MNH NANTERRE;459;070
95;459;0931;MNH BOBIGNY;459;070
95;459;0941;MNH CRETEIL;459;070
95;459;0951;MNH PONTOISE;459;070
95;459;0841;MNH AVIGNON;459;070
95;459;0851;MNH LA ROCHE SUR YON;459;070
95;459;0871;MNH LIMOGES;459;070
95;459;0881;MNH EPINAL;459;070
95;459;0282;MNH CHARTRES 2;459;070
03;007;2800;MUTUELLE PREVIFRANCE;329;002
03;045;2500;MUTUELLE PREVIFRANCE;326;002
03;052;2500;MUTUELLE PREVIFRANCE;327;002
03;057;5500;MUTUELLE SANTE DES INDEPENDANTS;328;002
03;039;4600;HARMONIE MUTUELLE;330;001
99;202;0617;MEP BASTIA;090;066
99;609;0021;Mutuelle INTERIALE;609;072
99;609;0061;Mutuelle INTERIALE;609;072
99;609;0131;Mutuelle INTERIALE;609;072
99;609;0542;Mutuelle INTERIALE;609;072
99;609;0571;Mutuelle INTERIALE;609;072
99;609;0594;Mutuelle INTERIALE;609;072
99;609;0595;Mutuelle INTERIALE;609;072
99;609;0597;Mutuelle INTERIALE;609;072
99;609;0599;Mutuelle INTERIALE;609;072
99;609;0602;Mutuelle INTERIALE;609;072
99;609;0623;Mutuelle INTERIALE;609;072
99;609;0624;Mutuelle INTERIALE;609;072
99;609;0691;Mutuelle INTERIALE;609;072
99;609;0751;Mutuelle INTERIALE;609;072
99;609;0763;Mutuelle INTERIALE;609;072
99;609;0764;Mutuelle INTERIALE;609;072
99;609;0771;Mutuelle INTERIALE;609;072
99;609;0781;Mutuelle INTERIALE;609;072
99;609;0801;Mutuelle INTERIALE;609;072
99;609;0831;Mutuelle INTERIALE;609;072
99;609;0911;Mutuelle INTERIALE;609;072
99;609;0921;Mutuelle INTERIALE;609;072
99;609;0931;Mutuelle INTERIALE;609;072
99;609;0941;Mutuelle INTERIALE;609;072
99;609;0951;Mutuelle INTERIALE;609;072
92;512;0011;LA MUTUELLE GENERALE AIN;512;071
92;512;0021;LA MUTUELLE GENERALE AISNE;512;071
92;512;0031;LA MUTUELLE GENERALE ALLIER;512;071
92;512;0041;LA MUTUELLE GENERALE ALPES DE HAUTE PROVENCE;512;071
92;512;0051;LA MUTUELLE GENERALE HAUTES ALPES;512;071
92;512;0061;LA MUTUELLE GENERALE ALPES MARITIMES;512;071
92;512;0072;LA MUTUELLE GENERALE ARDECHE;512;071
92;512;0081;LA MUTUELLE GENERALE ARDENNES;512;071
92;512;0091;LA MUTUELLE GENERALE ARIEGE;512;071
92;512;0101;LA MUTUELLE GENERALE AUBE;512;071
92;512;0111;LA MUTUELLE GENERALE AUDE;512;071
92;512;0121;LA MUTUELLE GENERALE AVEYRON;512;071
92;512;0131;LA MUTUELLE GENERALE BOUCHES DU RHONE;512;071
92;512;0141;LA MUTUELLE GENERALE CALVADOS;512;071
92;512;0151;LA MUTUELLE GENERALE CANTAL;512;071
92;512;0161;LA MUTUELLE GENERALE CHARENTE;512;071
92;512;0171;LA MUTUELLE GENERALE CHARENTE MARITIME;512;071
92;512;0181;LA MUTUELLE GENERALE CHER;512;071
92;512;0191;LA MUTUELLE GENERALE CORREZE;512;071
92;512;0201;LA MUTUELLE GENERALE CORSE DU SUD;512;071
92;512;0202;LA MUTUELLE GENERALE HAUTE CORSE;512;071
92;512;0211;LA MUTUELLE GENERALE COTE D OR;512;071
92;512;0221;LA MUTUELLE GENERALE COTES D ARMOR;512;071
92;512;0231;LA MUTUELLE GENERALE CREUSE;512;071
92;512;0241;LA MUTUELLE GENERALE DORDOGNE;512;071
92;512;0251;LA MUTUELLE GENERALE DOUBS;512;071
92;512;0261;LA MUTUELLE GENERALE DROME;512;071
92;512;0271;LA MUTUELLE GENERALE EURE;512;071
92;512;0281;LA MUTUELLE GENERALE EURE ET LOIR;512;071
92;512;0291;LA MUTUELLE GENERALE FINISTERE;512;071
92;512;0301;LA MUTUELLE GENERALE GARD;512;071
92;512;0311;LA MUTUELLE GENERALE HAUTE GARONNE;512;071
92;512;0321;LA MUTUELLE GENERALE GERS;512;071
92;512;0331;LA MUTUELLE GENERALE GIRONDE;512;071
92;512;0342;LA MUTUELLE GENERALE HERAULT;512;071
92;512;0351;LA MUTUELLE GENERALE ILLE ET VILAINE;512;071
92;512;0361;LA MUTUELLE GENERALE INDRE;512;071
92;512;0371;LA MUTUELLE GENERALE INDRE ET LOIRE;512;071
92;512;0381;LA MUTUELLE GENERALE ISERE;512;071
92;512;0391;LA MUTUELLE GENERALE JURA;512;071
92;512;0401;LA MUTUELLE GENERALE LANDES;512;071
92;512;0411;LA MUTUELLE GENERALE LOIR ET CHER;512;071
92;512;0422;LA MUTUELLE GENERALE LOIRE;512;071
92;512;0431;LA MUTUELLE GENERALE HAUTE LOIRE;512;071
92;512;0441;LA MUTUELLE GENERALE LOIRE ATLANTIQUE;512;071
92;512;0451;LA MUTUELLE GENERALE LOIRET;512;071
92;512;0461;LA MUTUELLE GENERALE LOT;512;071
92;512;0471;LA MUTUELLE GENERALE LOT ET GARONNE;512;071
92;512;0481;LA MUTUELLE GENERALE LOZERE;512;071
92;512;0491;LA MUTUELLE GENERALE MAINE ET LOIRE;512;071
92;512;0501;LA MUTUELLE GENERALE MANCHE;512;071
92;512;0511;LA MUTUELLE GENERALE MARNE;512;071
92;512;0521;LA MUTUELLE GENERALE HAUTE MARNE;512;071
92;512;0531;LA MUTUELLE GENERALE MAYENNE;512;071
92;512;0542;LA MUTUELLE GENERALE MEURTHE ET MOSELLE;512;071
92;512;0551;LA MUTUELLE GENERALE MEUSE;512;071
92;512;0561;LA MUTUELLE GENERALE MORBIHAN;512;071
92;512;0571;LA MUTUELLE GENERALE MOSELLE;512;071
92;512;0581;LA MUTUELLE GENERALE NIEVRE;512;071
92;512;0594;LA MUTUELLE GENERALE NORD 1;512;071
92;512;0595;LA MUTUELLE GENERALE NORD 2;512;071
92;512;0597;LA MUTUELLE GENERALE NORD 3;512;071
92;512;0599;LA MUTUELLE GENERALE NORD 4;512;071
92;512;0601;LA MUTUELLE GENERALE OISE;512;071
92;512;0611;LA MUTUELLE GENERALE ORNE;512;071
92;512;0623;LA MUTUELLE GENERALE PAS DE CALAIS 1;512;071
92;512;0624;LA MUTUELLE GENERALE PAS DE CALAIS 2;512;071
92;512;0631;LA MUTUELLE GENERALE PUY DE DOME;512;071
92;512;0641;LA MUTUELLE GENERALE PYRENEES ATLANTIQUES 1;512;071
92;512;0642;LA MUTUELLE GENERALE PYRENEES ATLANTIQUES 2;512;071
92;512;0651;LA MUTUELLE GENERALE HAUTES PYRENEES;512;071
92;512;0661;LA MUTUELLE GENERALE PYRENEES ORIENTALES;512;071
92;512;0673;LA MUTUELLE GENERALE BAS RHIN;512;071
92;512;0682;LA MUTUELLE GENERALE HAUT RHIN;512;071
92;512;0691;LA MUTUELLE GENERALE RHONE;512;071
92;512;0701;LA MUTUELLE GENERALE HAUTE SAONE;512;071
92;512;0711;LA MUTUELLE GENERALE SAONE ET LOIRE;512;071
92;512;0721;LA MUTUELLE GENERALE SARTHE;512;071
92;512;0731;LA MUTUELLE GENERALE SAVOIE;512;071
92;512;0741;LA MUTUELLE GENERALE HAUTE SAVOIE;512;071
92;512;0751;LA MUTUELLE GENERALE PARIS;512;071
92;512;0763;LA MUTUELLE GENERALE SEINE MARITIME 1;512;071
92;512;0764;LA MUTUELLE GENERALE SEINE MARITIME 2;512;071
92;512;0771;LA MUTUELLE GENERALE SEINE ET MARNE;512;071
92;512;0781;LA MUTUELLE GENERALE YVELINES;512;071
92;512;0791;LA MUTUELLE GENERALE DEUX SEVRES;512;071
92;512;0801;LA MUTUELLE GENERALE SOMME;512;071
92;512;0811;LA MUTUELLE GENERALE TARN;512;071
92;512;0821;LA MUTUELLE GENERALE TARN ET GARONNE;512;071
92;512;0831;LA MUTUELLE GENERALE VAR;512;071
92;512;0841;LA MUTUELLE GENERALE VAUCLUSE;512;071
92;512;0851;LA MUTUELLE GENERALE VENDEE;512;071
92;512;0861;LA MUTUELLE GENERALE VIENNE;512;071
92;512;0871;LA MUTUELLE GENERALE HAUTE VIENNE;512;071
92;512;0881;LA MUTUELLE GENERALE VOSGES;512;071
92;512;0891;LA MUTUELLE GENERALE YONNE;512;071
92;512;0901;LA MUTUELLE GENERALE TERRITOIRE DE BELFORT;512;071
92;512;0911;LA MUTUELLE GENERALE ESSONNE;512;071
92;512;0921;LA MUTUELLE GENERALE HAUTS DE SEINE;512;071
92;512;0931;LA MUTUELLE GENERALE SEINE SAINT DENIS;512;071
92;512;0941;LA MUTUELLE GENERALE VAL DE MARNE;512;071
92;512;0951;LA MUTUELLE GENERALE VAL D OISE;512;071
92;512;0971;LA MUTUELLE GENERALE GUADELOUPE;512;071
92;512;0972;LA MUTUELLE GENERALE MARTINIQUE;512;071
92;512;0973;LA MUTUELLE GENERALE GUYANE;512;071
92;512;0974;LA MUTUELLE GENERALE REUNION;512;071
99;609;0331;Mutuelle INTERIALE;609;072
99;609;0342;Mutuelle INTERIALE;609;072
99;609;0351;Mutuelle INTERIALE;609;072
99;609;0441;Mutuelle INTERIALE;609;072
99;609;0291;Mutuelle INTERIALE;609;072
99;609;0171;Mutuelle INTERIALE;609;072
99;609;0641;Mutuelle INTERIALE;609;072
99;609;0642;Mutuelle INTERIALE;609;072
99;609;0311;Mutuelle INTERIALE;609;072
99;609;0301;Mutuelle INTERIALE;609;072
99;609;0011;Mutuelle INTERIALE;609;072
99;609;0451;Mutuelle INTERIALE;609;072
99;609;0271;Mutuelle INTERIALE;609;072
03;053;6400;MUT EST;169;001
02;941;0000;MSA D ARMORIQUE - MAYOTTE;941;821
99;072;0617;SMERRA Privas;060;007
99;691;0505;MAGE Lyon;055;007
96;196;9600;Harmonie Fonction Publique;196;074
94;194;0153;SOLSANTIS;194;073
94;194;0173;SOLSANTIS;194;073
94;194;0183;SOLSANTIS;194;073
94;194;0193;SOLSANTIS;194;073
94;194;0203;SOLSANTIS;194;073
94;194;0233;SOLSANTIS;194;073
94;194;0263;SOLSANTIS;194;073
94;194;0393;SOLSANTIS;194;073
94;194;0403;SOLSANTIS;194;073
94;194;0458;SOLSANTIS;194;073
94;194;0608;SOLSANTIS;194;073
94;194;0788;SOLSANTIS;194;073
01;909;0000;La Mutuelle Des Etudiants;909;075
99;751;0533;Mutuelle des Affaires Etrangeres et Europeennes;534;026
02;771;0000;CPS ST BARTH;771;591
